old_name,new_name,status
2025.6.5音频.mp3,2025.6.5音频.mp3,unchanged
38.8一品.mp3,38.8一品.mp3,unchanged
AD学姐.mp3,AD学姐.mp3,unchanged
CCTV13新闻频道-播报女.mp3,CCTV13新闻频道-播报女.mp3,unchanged
cctv新闻联播潘涛.mp3,cctv新闻联播潘涛.mp3,unchanged
dbj男声.mp3,dbj男声.mp3,unchanged
feng-测试.mp3,feng-测试.mp3,unchanged
一休（新）资料分析.mp3,一休（新）资料分析.mp3,unchanged
一秋船长.mp3,一秋船长.mp3,unchanged
丁真.mp3,丁真.mp3,unchanged
专用.mp3,专用.mp3,unchanged
专题片常规-外面生长在阳光下.mp3,专题片常规-外面生长在阳光下.mp3,unchanged
东北佬.mp3,东北佬.mp3,unchanged
东北猛女.mp3,东北猛女.mp3,unchanged
中年男.mp3,中年男.mp3,unchanged
云南旅游声音.mp3,云南旅游声音.mp3,unchanged
产品宣传片-提神女声.mp3,产品宣传片-提神女声.mp3,unchanged
仓仓（新.mp3,仓仓（新.mp3,unchanged
仙逆1.mp3,仙逆1.mp3,unchanged
何叔.mp3,何叔.mp3,unchanged
佬麻雀.mp3,佬麻雀.mp3,unchanged
其它女.mp3,其它女.mp3,unchanged
冯春祥.mp3,冯春祥.mp3,unchanged
冲哥测试2.mp3,冲哥测试2.mp3,unchanged
冲哥测试4.mp3,冲哥测试4.mp3,unchanged
刘亦菲.mp3,刘亦菲.mp3,unchanged
刘双双.mp3,刘双双.mp3,unchanged
刘双双新.mp3,刘双双新.mp3,unchanged
刘备-正常.mp3,刘备-正常.mp3,unchanged
刘晓艳.mp3,刘晓艳.mp3,unchanged
刘秋龙2025-确认版.mp3,刘秋龙2025-确认版.mp3,unchanged
刻晴.WAV,刻晴.wav,unchanged
前沿.mp3,前沿.mp3,unchanged
剑魔亚托克斯v2.mp3,剑魔亚托克斯v2.mp3,unchanged
医方硕女老板.mp3,医方硕女老板.mp3,unchanged
医生.mp3,医生.mp3,unchanged
医生形象.mp3,医生形象.mp3,unchanged
医生杜鹃.mp3,医生杜鹃.mp3,unchanged
千手扉间.mp3,千手扉间.mp3,unchanged
千早爱音.mp3,千早爱音.mp3,unchanged
卖卖.mp3,卖卖.mp3,unchanged
卢本伟.mp3,卢本伟.mp3,unchanged
历史解说.mp3,历史解说.mp3,unchanged
厚沐奥运营养师吕爸.第三个单频.mp3,厚沐奥运营养师吕爸.第三个单频.mp3,unchanged
取个啥名.mp3,取个啥名.mp3,unchanged
口播2.mp3,口播2.mp3,unchanged
可乐.mp3,可乐.mp3,unchanged
可爱女配1.mp3,可爱女配1.mp3,unchanged
可莉.mp3,可莉.mp3,unchanged
可莉.WAV,可莉.wav,unchanged
可霖.WAV,可霖.wav,unchanged
台湾女.mp3,台湾女.mp3,unchanged
台湾女女.mp3,台湾女女.mp3,unchanged
台湾女生.mp3,台湾女生.mp3,unchanged
台湾女生2.mp3,台湾女生2.mp3,unchanged
台灣女生.mp3,台灣女生.mp3,unchanged
台灣彭總新聲2025.mp3,台灣彭總新聲2025.mp3,unchanged
司徒南2.0.mp3,司徒南2.0.mp3,unchanged
吞噬1洋葱.mp3,吞噬1洋葱.mp3,unchanged
启明.mp3,启明.mp3,unchanged
启明（不同声音.mp3,启明（不同声音.mp3,unchanged
周建设老年男中医版EQDR3746.mp3,周建设老年男中医版EQDR3746.mp3,unchanged
周文强1.mp3,周文强1.mp3,unchanged
周星驰.mp3,周星驰.mp3,unchanged
周涛-纪录片中国.mp3,周涛-纪录片中国.mp3,unchanged
周西英无电流.mp3,周西英无电流.mp3,unchanged
唐僧.mp3,唐僧.mp3,unchanged
国恒夹子音.mp3,国恒夹子音.mp3,unchanged
大力二代.mp3,大力二代.mp3,unchanged
大司马.mp3,大司马.mp3,unchanged
大曼007.mp3,大曼007.mp3,unchanged
大曼商业001.mp3,大曼商业001.mp3,unchanged
大曼商业006.mp3,大曼商业006.mp3,unchanged
大盘跑量男医生2白大褂变老.mp3,大盘跑量男医生2白大褂变老.mp3,unchanged
大眼妹.mp3,大眼妹.mp3,unchanged
太乙真人.mp3,太乙真人.mp3,unchanged
央视女主持人.mp3,央视女主持人.mp3,unchanged
央视播音腔1.mp3,央视播音腔1.mp3,unchanged
央视配音.mp3,央视配音.mp3,unchanged
女专家.mp3,女专家.mp3,unchanged
女主1.mp3,女主1.mp3,unchanged
女主升级版.mp3,女主升级版.mp3,unchanged
女主播.mp3,女主播.mp3,unchanged
女医生.mp3,女医生.mp3,unchanged
女大学生.mp3,女大学生.mp3,unchanged
女教师温柔版.mp3,女教师温柔版.mp3,unchanged
女教授-王志珍.mp3,女教授-王志珍.mp3,unchanged
女聲123.mp3,女聲123.mp3,unchanged
好好.mp3,好好.mp3,unchanged
好茶馆22-24.mp3,好茶馆22-24.mp3,unchanged
娱乐.mp3,娱乐.mp3,unchanged
子豪.mp3,子豪.mp3,unchanged
子阳.mp3,子阳.mp3,unchanged
孙孙.mp3,孙孙.mp3,unchanged
孙悟空.mp3,孙悟空.mp3,unchanged
孙笑川258.mp3,孙笑川258.mp3,unchanged
宋菲.mp3,宋菲.mp3,unchanged
宣传片-大气悠扬浑厚.mp3,宣传片-大气悠扬浑厚.mp3,unchanged
宣传片-大气走心洋气.mp3,宣传片-大气走心洋气.mp3,unchanged
宣传片_浑厚成熟.mp3,宣传片_浑厚成熟.mp3,unchanged
宣漫.mp3,宣漫.mp3,unchanged
宰相刘罗锅乾隆.mp3,宰相刘罗锅乾隆.mp3,unchanged
小刚.mp3,小刚.mp3,unchanged
小天使.mp3,小天使.mp3,unchanged
小小班班班.mp3,小小班班班.mp3,unchanged
小敖丙.mp3,小敖丙.mp3,unchanged
小明剑魔mvp.mp3,小明剑魔mvp.mp3,unchanged
小明剑魔回答我.mp3,小明剑魔回答我.mp3,unchanged
小樱.mp3,小樱.mp3,unchanged
小男孩2.mp3,小男孩2.mp3,unchanged
小米雷军.mp3,小米雷军.mp3,unchanged
小赵.mp3,小赵.mp3,unchanged
少阳2.mp3,少阳2.mp3,unchanged
山东吕老板.mp3,山东吕老板.mp3,unchanged
工商旅游001女.mp3,工商旅游001女.mp3,unchanged
工商旅游001男.mp3,工商旅游001男.mp3,unchanged
工商旅游003男.mp3,工商旅游003男.mp3,unchanged
工商旅游005男.mp3,工商旅游005男.mp3,unchanged
工商旅游006女.mp3,工商旅游006女.mp3,unchanged
工商旅游007女.mp3,工商旅游007女.mp3,unchanged
左新会.mp3,左新会.mp3,unchanged
巨魔老祖.mp3,巨魔老祖.mp3,unchanged
带货主播女.mp3,带货主播女.mp3,unchanged
平吨.mp3,平吨.mp3,unchanged
广西表哥.mp3,广西表哥.mp3,unchanged
康辉.mp3,康辉.mp3,unchanged
开心采访.mp3,开心采访.mp3,unchanged
张琦-震惊版开头.mp3,张琦-震惊版开头.mp3,unchanged
张琦333.mp3,张琦333.mp3,unchanged
张雪峰.mp3,张雪峰.mp3,unchanged
张飞.mp3,张飞.mp3,unchanged
当时.mp3,当时.mp3,unchanged
影视自媒体解说.mp3,影视自媒体解说.mp3,unchanged
影视飓风-tim.mp3,影视飓风-tim.mp3,unchanged
御女茉莉.mp3,御女茉莉.mp3,unchanged
心宇.mp3,心宇.mp3,unchanged
悟空-电视剧.mp3,悟空-电视剧.mp3,unchanged
惠鸿旭.mp3,惠鸿旭.mp3,unchanged
懒羊羊.mp3,懒羊羊.mp3,unchanged
扎西拉姆.mp3,扎西拉姆.mp3,unchanged
撒贝宁.mp3,撒贝宁.mp3,unchanged
敖丙.mp3,敖丙.mp3,unchanged
数学白老师.mp3,数学白老师.mp3,unchanged
斗破1.mp3,斗破1.mp3,unchanged
新闻主播男.mp3,新闻主播男.mp3,unchanged
新闻女主持人.mp3,新闻女主持人.mp3,unchanged
新闻跑量.mp3,新闻跑量.mp3,unchanged
方言.mp3,方言.mp3,unchanged
易学.mp3,易学.mp3,unchanged
星辰变1.mp3,星辰变1.mp3,unchanged
星铁1.mp3,星铁1.mp3,unchanged
春风吞噬.mp3,春风吞噬.mp3,unchanged
晨沐12.18.mp3,晨沐12.18.mp3,unchanged
晨沐2.25.mp3,晨沐2.25.mp3,unchanged
晨沐木子李饰品.mp3,晨沐木子李饰品.mp3,unchanged
曉甜♥.mp3,曉甜♥.mp3,unchanged
曲腰.mp3,曲腰.mp3,unchanged
曹丽娇D.mp3,曹丽娇D.mp3,unchanged
曹操-激动.mp3,曹操-激动.mp3,unchanged
曹操.mp3,曹操.mp3,unchanged
曼波.mp3,曼波.mp3,unchanged
曾仕强.mp3,曾仕强.mp3,unchanged
曾志伟无间道.mp3,曾志伟无间道.mp3,unchanged
最新张国立.mp3,最新张国立.mp3,unchanged
月半猫.mp3,月半猫.mp3,unchanged
朱元璋.mp3,朱元璋.mp3,unchanged
朱珊.mp3,朱珊.mp3,unchanged
李云龙.mp3,李云龙.mp3,unchanged
李云龙.WAV,李云龙.wav,unchanged
李玫瑾.mp3,李玫瑾.mp3,unchanged
李玲新.mp3,李玲新.mp3,unchanged
李立宏美食.mp3,李立宏美食.mp3,unchanged
李立群.mp3,李立群.mp3,unchanged
杨农.mp3,杨农.mp3,unchanged
杨幂.mp3,杨幂.mp3,unchanged
杨慧.mp3,杨慧.mp3,unchanged
林黛玉V2.0.mp3,林黛玉V2.0.mp3,unchanged
柠檬.mp3,柠檬.mp3,unchanged
栗子熟了.mp3,栗子熟了.mp3,unchanged
株洲口才老师17.mp3,株洲口才老师17.mp3,unchanged
楠哥哥使用.mp3,楠哥哥使用.mp3,unchanged
樊登有数据.mp3,樊登有数据.mp3,unchanged
樊登极限.mp3,樊登极限.mp3,unchanged
欢乐1.mp3,欢乐1.mp3,unchanged
欢娱-2.mp3,欢娱-2.mp3,unchanged
正太2.mp3,正太2.mp3,unchanged
正太2憨逼2.mp3,正太2憨逼2.mp3,unchanged
毕业季温情女学生.mp3,毕业季温情女学生.mp3,unchanged
毛老师激情版.mp3,毛老师激情版.mp3,unchanged
民间故事666.mp3,民间故事666.mp3,unchanged
水.mp3,水.mp3,unchanged
汤圆.mp3,汤圆.mp3,unchanged
治愈放松女声.mp3,治愈放松女声.mp3,unchanged
波比.mp3,波比.mp3,unchanged
洪兴基哥.mp3,洪兴基哥.mp3,unchanged
派蒙.mp3,派蒙.mp3,unchanged
派蒙_ZH.mp3,派蒙_ZH.mp3,unchanged
流萤.mp3,流萤.mp3,unchanged
浩哥.mp3,浩哥.mp3,unchanged
涂磊.mp3,涂磊.mp3,unchanged
温柔动听女声.mp3,温柔动听女声.mp3,unchanged
温柔女声.mp3,温柔女声.mp3,unchanged
温柔男声·讲故事.mp3,温柔男声·讲故事.mp3,unchanged
滋养堂.mp3,滋养堂.mp3,unchanged
滕老师.mp3,滕老师.mp3,unchanged
满穗！！！.mp3,满穗！！！.mp3,unchanged
演讲爆款女声.mp3,演讲爆款女声.mp3,unchanged
牢大.mp3,牢大.mp3,unchanged
猖狂.mp3,猖狂.mp3,unchanged
王也2.mp3,王也2.mp3,unchanged
王坤.mp3,王坤.mp3,unchanged
王志文.mp3,王志文.mp3,unchanged
王琨.mp3,王琨.mp3,unchanged
王琨声音模型10.17t1.mp3,王琨声音模型10.17t1.mp3,unchanged
王立宁.mp3,王立宁.mp3,unchanged
王者荣耀伽罗.mp3,王者荣耀伽罗.mp3,unchanged
王者荣耀奕星.mp3,王者荣耀奕星.mp3,unchanged
王者荣耀李白.mp3,王者荣耀李白.mp3,unchanged
琨哥.mp3,琨哥.mp3,unchanged
琨哥新1.mp3,琨哥新1.mp3,unchanged
琨知道.mp3,琨知道.mp3,unchanged
甄嬛传皇上.mp3,甄嬛传皇上.mp3,unchanged
甜甜.mp3,甜甜.mp3,unchanged
甜美女主播.mp3,甜美女主播.mp3,unchanged
申公豹模型test.mp3,申公豹模型test.mp3,unchanged
电台女生.mp3,电台女生.mp3,unchanged
男1.mp3,男1.mp3,unchanged
男医生老头1.mp3,男医生老头1.mp3,unchanged
男科医生.mp3,男科医生.mp3,unchanged
男米.mp3,男米.mp3,unchanged
男鸡蛋主持人.mp3,男鸡蛋主持人.mp3,unchanged
白发女教授-王志珍.mp3,白发女教授-王志珍.mp3,unchanged
白小纯.mp3,白小纯.mp3,unchanged
白白.mp3,白白.mp3,unchanged
皮皮.mp3,皮皮.mp3,unchanged
益乐.mp3,益乐.mp3,unchanged
瞪眼赌神.mp3,瞪眼赌神.mp3,unchanged
短剧解说.mp3,短剧解说.mp3,unchanged
石斛片老中医.mp3,石斛片老中医.mp3,unchanged
祁同伟.mp3,祁同伟.mp3,unchanged
祁同伟1.mp3,祁同伟1.mp3,unchanged
祁同伟爆款音频.mp3,祁同伟爆款音频.mp3,unchanged
神印1小朋.mp3,神印1小朋.mp3,unchanged
神印2.mp3,神印2.mp3,unchanged
神鹰手哥.mp3,神鹰手哥.mp3,unchanged
童老师.mp3,童老师.mp3,unchanged
粉丝直播间喊麦.mp3,粉丝直播间喊麦.mp3,unchanged
纪录片.mp3,纪录片.mp3,unchanged
纪录片男声.mp3,纪录片男声.mp3,unchanged
罗峰.mp3,罗峰.mp3,unchanged
美女-御姐.mp3,美女-御姐.mp3,unchanged
翔奥-雅欣1.mp3,翔奥-雅欣1.mp3,unchanged
老丁生肖-我来给你讲生肖.mp3,老丁生肖-我来给你讲生肖.mp3,unchanged
老二.WAV,老二.wav,unchanged
老女人快速版.mp3,老女人快速版.mp3,unchanged
老李说家电.mp3,老李说家电.mp3,unchanged
老梁.mp3,老梁.mp3,unchanged
老爷爷.mp3,老爷爷.mp3,unchanged
老版西游记唐僧唐三藏.mp3,老版西游记唐僧唐三藏.mp3,unchanged
老马说车.mp3,老马说车.mp3,unchanged
肠胃科医生1.mp3,肠胃科医生1.mp3,unchanged
肠胃科医生2.mp3,肠胃科医生2.mp3,unchanged
胖猫.mp3,胖猫.mp3,unchanged
自然流男.mp3,自然流男.mp3,unchanged
舌尖上的中国.mp3,舌尖上的中国.mp3,unchanged
舒服的男声.mp3,舒服的男声.mp3,unchanged
芙宁娜.mp3,芙宁娜.mp3,unchanged
苏华仁.mp3,苏华仁.mp3,unchanged
范小勤.mp3,范小勤.mp3,unchanged
范志毅.mp3,范志毅.mp3,unchanged
茶文化熟散茶.mp3,茶文化熟散茶.mp3,unchanged
茶文化班章老茶头.mp3,茶文化班章老茶头.mp3,unchanged
茶知识老茶头1.1.mp3,茶知识老茶头1.1.mp3,unchanged
茶知识老茶头1.14.mp3,茶知识老茶头1.14.mp3,unchanged
茶知识老茶头2.14.mp3,茶知识老茶头2.14.mp3,unchanged
营销号.mp3,营销号.mp3,unchanged
董超.mp3,董超.mp3,unchanged
蒋介石_我不明白.mp3,蒋介石_我不明白.mp3,unchanged
蒋校长.mp3,蒋校长.mp3,unchanged
蔡徐坤.mp3,蔡徐坤.mp3,unchanged
虎哥4.0.mp3,虎哥4.0.mp3,unchanged
解说-魔魔.wav,解说-魔魔.wav,unchanged
解说.mp3,解说.mp3,unchanged
詩函.mp3,詩函.mp3,unchanged
让我们来看一下这个系统的主要功能。首先，它具有简单直观的操作界面.mp3,让我们来看一下这个系统的主要功能。首先，它具有简单直观的操作界面.mp3,unchanged
说书03.mp3,说书03.mp3,unchanged
诸葛亮1.mp3,诸葛亮1.mp3,unchanged
贝拉.mp3,贝拉.mp3,unchanged
贾小军.mp3,贾小军.mp3,unchanged
贾小军终极版.mp3,贾小军终极版.mp3,unchanged
赛马娘.mp3,赛马娘.mp3,unchanged
赵一舟2.mp3,赵一舟2.mp3,unchanged
赵一舟火无杂音.mp3,赵一舟火无杂音.mp3,unchanged
赵今麦.mp3,赵今麦.mp3,unchanged
赵宇昊原声-2.mp3,赵宇昊原声-2.mp3,unchanged
赵阳.mp3,赵阳.mp3,unchanged
超玩姐.mp3,超玩姐.mp3,unchanged
跳跳.mp3,跳跳.mp3,unchanged
车6龙.mp3,车6龙.mp3,unchanged
车车.mp3,车车.mp3,unchanged
道士.mp3,道士.mp3,unchanged
邓紫琪.mp3,邓紫琪.mp3,unchanged
邵颖萍.mp3,邵颖萍.mp3,unchanged
郑伟.mp3,郑伟.mp3,unchanged
郑念老师.mp3,郑念老师.mp3,unchanged
郑晓宁.mp3,郑晓宁.mp3,unchanged
郑翔州.mp3,郑翔州.mp3,unchanged
郑翔洲.mp3,郑翔洲.mp3,unchanged
郑翔洲火.mp3,郑翔洲火.mp3,unchanged
郝邵文3.mp3,郝邵文3.mp3,unchanged
郭德纲.mp3,郭德纲.mp3,unchanged
郭方正.mp3,郭方正.mp3,unchanged
郭继承.mp3,郭继承.mp3,unchanged
钟南山.mp3,钟南山.mp3,unchanged
钟南山声音.mp3,钟南山声音.mp3,unchanged
钢镚.mp3,钢镚.mp3,unchanged
铁柱（申论2.mp3,铁柱（申论2.mp3,unchanged
锤子手机宣传片-广告男声.mp3,锤子手机宣传片-广告男声.mp3,unchanged
陆景和.mp3,陆景和.mp3,unchanged
陈彤云.mp3,陈彤云.mp3,unchanged
陈晓量化.mp3,陈晓量化.mp3,unchanged
陶.mp3,陶.mp3,unchanged
雪乐港商老茶头1.3-5小树美.mp3,雪乐港商老茶头1.3-5小树美.mp3,unchanged
雪乐港商老茶头小酒窝编发.mp3,雪乐港商老茶头小酒窝编发.mp3,unchanged
雷老师3.mp3,雷老师3.mp3,unchanged
靳东.mp3,靳东.mp3,unchanged
韩转化.mp3,韩转化.mp3,unchanged
音乐25161021.mp3,音乐25161021.mp3,unchanged
飞凡高启强.mp3,飞凡高启强.mp3,unchanged
骚气御姐音.mp3,骚气御姐音.mp3,unchanged
高启强.mp3,高启强.mp3,unchanged
高育良.mp3,高育良.mp3,unchanged
高质量老三国曹操.mp3,高质量老三国曹操.mp3,unchanged
魔女+战士.mp3,魔女+战士.mp3,unchanged
魔女.mp3,魔女.mp3,unchanged
魔魔.mp3,魔魔.mp3,unchanged
鱼叨叨.mp3,鱼叨叨.mp3,unchanged
麦辣鸡腿堡.mp3,麦辣鸡腿堡.mp3,unchanged
黎明粤语声音.mp3,黎明粤语声音.mp3,unchanged
黑手.mp3,黑手.mp3,unchanged
齐静春.mp3,齐静春.mp3,unchanged
龙哥声音.mp3,龙哥声音.mp3,unchanged
06人生尊者大（痛苦）-暴躁型的人，他的火很大，他的心很小。因为他的心，盛不下别人的一句指责，就他没有这种消化能力，所以他必须用火很大，把这个东西推出去。那如果是你看到暴躁型的人，就知道，其实这个人，有点像绣花枕头，发火，是最无能的表现，而且也会，点燃身边其他的人。-由微信公众号Aruanjian888收集整理.mp3,06人生尊者大（痛苦）.mp3,renamed
4.老师音频原声（提供AI训练学习用）-你要明白啊，一个人要有上进心。你老是躲在家里，你老是不敢面对，你老是害怕失败，这样怎么能成功呢？要学会走出去，要学会接受新的挑战，这样才能提升自己。来听听老师的课，让自己变得更好。-由微信公众号Aruanjian888收集整理.mp3,4.老师音频原声（提供AI训练学习用）.mp3,renamed
一起来品茶-这个羽绒服，真的是太划算了，380克的重量，90%的白鸭绒含量啊。加厚加长的版型，能穿到零下十度，深圳工厂直供的货，不是普通货。今天特价多少钱？139.9，包邮还有运费险，赶紧拍下吧宝贝们。-由微信公众号Aruanjian888收集整理.mp3,一起来品茶.mp3,renamed
一起来品茶-姐妹们看这款新上的化妆包，三层大容量设计，配送精美丝巾。今天特价只要39块9，还送运费险。买到的不要走，送限量版小镜子。想看实物秀的姐妹扣个1，我马上给你们展示搭配效果。-由微信公众号Aruanjian888收集整理.mp3,一起来品茶-02.mp3,renamed
丁真（锐刻五代版）-大家好，我是丁真。今天想跟大家分享一下我们家乡的风景。这里的草原很美，骏马奔跑的时候，能看到远处的雪山。我觉得很幸福，希望大家有机会也能来看看。-由微信公众号Aruanjian888收集整理.mp3,丁真（锐刻五代版）.mp3,renamed
关羽-兄弟们听令，战场之上，勇气固然重要，但忠义更显可贵。吾向来秉持仁义之心，以信义待人。今日与诸位并肩作战，但求无愧于心，无愧于兄弟之情。胜败乃兵家常事，唯有气节不可失。-由微信公众号Aruanjian888收集整理.mp3,关羽.mp3,renamed
关羽-为将者，当以忠义为本，以信义待人。治军贵在严明，带兵重在仁德。吾向来秉持此道，方能得将士之心。若要成就大业，必先修身养德，方可服众。-由微信公众号Aruanjian888收集整理.mp3,关羽-02.mp3,renamed
刘备（愤怒）-岂有此理！竟敢如此欺凌百姓，践踏仁义！身为人主，岂能坐视不理？传我军令，集结三军，务必讨伐此等无道之徒。若天理昭昭，必叫他们付出代价！-由微信公众号Aruanjian888收集整理.mp3,刘备（愤怒）.mp3,renamed
周文强-各位同仁，今天我想跟大家分享一个重要观点：企业转型必须立足创新。我们要把握数字化机遇，整合现有资源，建立灵活的运营体系。只有不断提升核心竞争力，才能在市场中占据主导地位。-由微信公众号Aruanjian888收集整理.mp3,周文强.mp3,renamed
周文强-各位同事，成功的团队管理需要三个关键要素：明确的目标、有效的沟通和mutual信任。作为管理者，我们要善于倾听，勇于担当，带领团队共同成长。记住，优秀的领导力来自于持续的学习和实践。-由微信公众号Aruanjian888收集整理.mp3,周文强-02.mp3,renamed
周杰伦-就是这首歌啊，灵感来自一个下雨天，我在钢琴旁边这样子弹着弹着，突然就有了旋律。编曲的时候加入了一些中国风的元素，让整首歌变得比较特别这样子。嗯，希望大家会喜欢。-由微信公众号Aruanjian888收集整理.mp3,周杰伦.mp3,renamed
周杰伦-嗯，最近在创作新歌，就是觉得旋律要有那种感觉你知道吗？灵感来的时候可能是在打游戏，或者吃个好吃的，突然就想到了。创作这种事情啊，不能急，要慢慢来。-由微信公众号Aruanjian888收集整理.mp3,周杰伦-02.mp3,renamed
国恒-各位同事，成功的关键在于持续学习和创新。我们要把握市场动向，提升核心竞争力，同时注重团队协作。只有团结一致，才能在激烈的竞争中站稳脚跟，实现更大的突破。-由微信公众号Aruanjian888收集整理.mp3,国恒.mp3,renamed
国恒-各位同事，成功不是偶然的，而是持续努力的结果。我们要把握市场机遇，提升核心竞争力，同时注重团队协作。只有脚踏实地，才能实现我们的目标。让我们一起携手前进，创造更大的价值。-由微信公众号Aruanjian888收集整理.mp3,国恒-02.mp3,renamed
奶龙(效果最好的一个)-发奶龙的小朋友你们好呀，你们的妈已经上天了!-由微信公众号Aruanjian888收集整理.mp3,奶龙(效果最好的一个).mp3,renamed
孙正聿（红色背景老头）-年轻人啊，做事要有定力，不要被眼前的利益迷惑了双眼。我经常说，一个人的品格比才能更重要，做人先做德。现在社会节奏快，但做事不能急功近利，要懂得沉淀自己。-由微信公众号Aruanjian888收集整理.mp3,孙正聿（红色背景老头）.mp3,renamed
小明剑魔-你们知道为什么我讨厌这些所谓的数据分析吗？啊？打个比方啊，你玩辅助，一场游戏下来付出那么多，结果就因为数据不好被喷。懂不懂什么叫团队游戏啊？真的是服了，这些人脑子里面装的都是什么啊？-由微信公众号Aruanjian888收集整理.mp3,小明剑魔.mp3,renamed
小明剑魔-为什么你修炼千年还是这么弱呢？你看看人家随便一个小妖都能把你打趴下，好不好？你天天喊着要成仙，结果连个仙气都感应不到，找找自己问题好不好？为什么别人能得道飞升，你却还在这里当凡人呢？-由微信公众号Aruanjian888收集整理.mp3,小明剑魔-02.mp3,renamed
张德山（李云龙）-他娘的，小鬼子以为能困住咱独立团？老子带兵打仗这么多年，什么场面没见过！弟兄们，准备战斗！咱们这次非得让小鬼子知道知道，什么叫虎狼之师！上！-由微信公众号Aruanjian888收集整理.mp3,张德山（李云龙）.mp3,renamed
张琦-腰椎间盘突出的朋友们注意了，如果你经常腰酸背痛，走路不稳，腿脚发麻，晚上睡觉都翻不了身。别着急，咱们这款骨力贴，纯中药配方，贴上去热乎乎的，很舒服。一盒才这个价，便宜又实惠。-由微信公众号Aruanjian888收集整理.mp3,张琦.mp3,renamed
张琦-各位朋友，今天跟大家分享一个职场发展的重要经验。专业能力固然重要，但沟通技巧同样不可忽视。要学会在团队中既展现自己的价值，又能与同事良好协作。这样才能实现更好的职业发展。-由微信公众号Aruanjian888收集整理.mp3,张琦-02.mp3,renamed
张飞（激动）-哈哈哈！看我这杆丈八蛇矛，挡我者死！谁敢来战？俺老张在此，定要杀他个片甲不留！兄弟们，随我冲啊！今日定要让敌军闻风丧胆，杀个痛快！-由微信公众号Aruanjian888收集整理.mp3,张飞（激动）.mp3,renamed
影视解说-说实话，现在的网剧质量真是越来越差了。编剧为了省事，剧情全是复制粘贴，男主角非富即贵，女主角不是傻白甜就是霸道总裁。最离谱的是，三集不到就给你塞进去十几个品牌广告，观众的体验完全不顾了。-由微信公众号Aruanjian888收集整理.mp3,影视解说.mp3,renamed
影视解说-今天为大家解说一部经典悬疑片。故事开始于一个平静的小镇，一具神秘尸体的出现打破了这里的宁静。年轻警探马克循着线索调查，却发现案件背后隐藏着令人震惊的真相。让我们一起来看看这部扣人心弦的作品。-由微信公众号Aruanjian888收集整理.mp3,影视解说-02.mp3,renamed
我叫夯大力（包像版）-我叫夯大力 我以为当舔狗就能让人喜欢，要不是我当过，我差点就信了-由微信公众号Aruanjian888收集整理.mp3,我叫夯大力（包像版）.mp3,renamed
才羽桃井（王小桃）（中配）-大家好呀！今天天气真好呢，要不要一起去公园野餐？我已经准备了可爱的便当盒，还有自己烤的小饼干哦。和朋友们一起分享美食的时光最幸福了！-由微信公众号Aruanjian888收集整理.mp3,才羽桃井（王小桃）（中配）.mp3,renamed
樊登-读书不是为了记住每一个细节，而是要找到打动自己的那个点。我们在阅读时，要学会提取对自己有价值的内容，把它变成自己的思考和行动的指南。这才是真正的学习。-由微信公众号Aruanjian888收集整理.mp3,樊登.mp3,renamed
樊登-读书不是为了记住每一个细节，而是要找到打动自己的那个点。就像我们品尝美食，不是为了分析每种调料，而是享受整体带来的味觉体验。读书也是这样，重要的是与书发生真正的链接。-由微信公众号Aruanjian888收集整理.mp3,樊登-02.mp3,renamed
沛緹(溫柔聲)-从前，有一只小花猫总是喜欢独自玩耍。有一天，下起了大雨，小花猫找不到回家的路。这时，一群小动物们撑着树叶伞来帮助它。从那以后，小花猫明白了朋友的重要，再也不独来独往了。-由微信公众号Aruanjian888收集整理.mp3,沛緹(溫柔聲).mp3,renamed
爱丽丝（中配）-咦？这个地方好奇妙呀。看那边的蘑菇，五颜六色的，像是撒了彩虹粉一样。我想过去看看，说不定能遇到有趣的新朋友呢。不知道摘一朵会不会让我变得更高或更矮呢？-由微信公众号Aruanjian888收集整理.mp3,爱丽丝（中配）.mp3,renamed
王也-天机玄妙，命途多舛。若遇灵台清明之时，当知乾坤造化，皆为明悟铺路。修身养性，持守本心，待到紫气东来，便是功德圆满之日。切记，道法自然，万物皆空，终有大道可循。-由微信公众号Aruanjian888收集整理.mp3,王也.mp3,renamed
王也-今天天气特别好，约了几个朋友去打篮球。说实话，好久没运动了，感觉整个人都活跃起来了。下次你们要是有空也一起来吧，运动完再去吃烧烤，绝对是最佳搭配。-由微信公众号Aruanjian888收集整理.mp3,王也-02.mp3,renamed
王安宇（林栋哲）-今天跟朋友聊天的时候突然想到，生活中那些看似平凡的小事，其实都是最珍贵的回忆。无论是一起吃夜宵，还是深夜谈心，这些点点滴滴都让我感到温暖。真心希望大家也能珍惜身边的美好时光。-由微信公众号Aruanjian888收集整理.mp3,王安宇（林栋哲）.mp3,renamed
男（琨哥）-兄弟们，今天给大家推荐一个特别实用的好东西。这个便携式充电宝真的太给力了，容量大，充电快，还能同时给三个设备充电。价格实惠，绝对值得入手。想了解更多可以私信我。-由微信公众号Aruanjian888收集整理.mp3,男（琨哥）.mp3,renamed
盛国恒-在当前市场环境下，企业转型升级是必然选择。我们要把握数字化机遇，深化创新驱动，提升核心竞争力。同时，要重视人才培养，打造专业团队，为企业持续发展奠定坚实基础。-由微信公众号Aruanjian888收集整理.mp3,盛国恒.mp3,renamed
盛国恒-作为一名企业管理者，我始终坚信，团队的成功源于每个成员的共同努力。我们要注重人才培养，重视创新发展，同时也要守住诚信经营的底线。只有这样，企业才能实现可持续发展。-由微信公众号Aruanjian888收集整理.mp3,盛国恒-02.mp3,renamed
砂狼白子（中文）-大家好呀！今天想和你们分享一个有趣的游戏经历。昨天直播的时候遇到特别可爱的队友，虽然我们都菜得不行，但是玩得超开心！要是喜欢的话，记得关注我哦～-由微信公众号Aruanjian888收集整理.mp3,砂狼白子（中文）.mp3,renamed
老头采药（0613）-这个颈椎问题啊，很多人都不当回事。你看啊，一开始就是脖子酸痛，慢慢就会发展到头晕、手麻。其实呢，这都是你的颈椎在给你报警信号。你不要等到严重了才想起来治，现在就可以用我们这个颈椎贴来调理。-由微信公众号Aruanjian888收集整理.mp3,老头采药（0613）.mp3,renamed
董卿-读书不仅仅是获取知识，更是滋养心灵的过程。当我们翻开书页的那一刻，就像打开了一扇通向智慧的窗户。生活中的每一次阅读，都是与先贤对话的珍贵时刻，让我们在字里行间找到生命的真谛。-由微信公众号Aruanjian888收集整理.mp3,董卿.mp3,renamed
董卿-生活中，我们常常追求外在的精彩，却忽略了内心的沉淀。一本好书，就像一盏明灯，照亮我们前行的道路。让我们放慢脚步，用心感受文字的力量，让阅读滋养心灵，让智慧点亮人生。-由微信公众号Aruanjian888收集整理.mp3,董卿-02.mp3,renamed
董宇辉-生活就像一本厚重的书，每一页都值得细细品味。年轻的朋友们啊，不要害怕迷茫，因为迷茫本身就是成长的印记。在这个喧嚣的世界里，愿你能听见内心最真实的声音，找到属于自己的那份从容。-由微信公众号Aruanjian888收集整理.mp3,董宇辉.mp3,renamed
董宇辉-生活就像一本书，有温暖的章节，也有难读的片段。但请记住，每一页都在让我们成长。就像古人说的，山不在高，有仙则名；水不在深，有龙则灵。你的故事，也正在书写着独特的精彩。-由微信公众号Aruanjian888收集整理.mp3,董宇辉-02.mp3,renamed
蒋介石-同胞们，振兴中华是我们共同的责任。当前局势严峻，我们必须发扬民族精神，坚持三民主义的道路。每个国民都要以身作则，严守纪律，为国家复兴贡献力量。我们终将战胜一切艰难险阻。-由微信公众号Aruanjian888收集整理.mp3,蒋介石.mp3,renamed
蒋介石-我不明白为什么还有萌新都在谈论，大战场要用什么枪，开局猛冲狂打，为什么就是打不下来娘希匹，萌新无能看来我必须出山，黄埔军校选枪开课，步枪首选三幻神用了轻松上百杀，唯一不好的地方就是杀多了容易被封，玩多了容易变菜第一把国产轮椅191突击步枪中击距离神器，伤害高，射置快，超低后座，是目前使用率最高的武器，没有之一。-由微信公众号Aruanjian888收集整理.mp3,蒋介石-02.mp3,renamed
蒋介石-同胞们，振兴中华不仅需要军事力量，更需要坚定的道德信念。我们要以三民主义为指导，发扬民族精神，培养革命道德，共同建设一个团结、廉洁、强大的新中国。这是我们对国家和人民的庄严承诺。-由微信公众号Aruanjian888收集整理.mp3,蒋介石-03.mp3,renamed
诸葛亮-治国如同治水，当疏而不当堵。明者见于未萌，智者察于未动。为政贵在安民，用人贵在识才。故君子务谋其远，小人徒图其近。惟有远见者，方能成大事。-由微信公众号Aruanjian888收集整理.mp3,诸葛亮.mp3,renamed
诸葛亮-治国如同治水，当疏不当堵。明者见于未萌，智者虑于将来。为政贵在安民，行军重在知势。故君子谋事，必先审时度势，方能成就大业。-由微信公众号Aruanjian888收集整理.mp3,诸葛亮-02.mp3,renamed
贝利亚-小朋友们，你们好呀，我叫贝利亚，我要来破坏地球了-由微信公众号Aruanjian888收集整理.mp3,贝利亚.mp3,renamed
贝利亚-你们好啊我是贝利亚，我要来破坏地球了-由微信公众号Aruanjian888收集整理.mp3,贝利亚-02.mp3,renamed
赛马娘（曼波欧耶版）-是谁在唱歌，温暖了寂寞，白云悠悠，蓝天依旧，泪水在漂泊，在那一片，苍茫中，一个人生活，看见远方天国，那璀璨的烟火，欧耶～Come On～Baby Go～OH Yeah～Yo Yo～-由微信公众号Aruanjian888收集整理.mp3,赛马娘（曼波欧耶版）.mp3,renamed
赵一舟-在这个快速变化的时代，我们要始终保持学习的热情。无论是新技术还是新思维，都需要我们以开放的心态去接纳和理解。成长不在于速度，而在于持续的积累和思考。-由微信公众号Aruanjian888收集整理.mp3,赵一舟.mp3,renamed
赵一舟-在这个快速发展的时代，我们要始终保持学习的热情。知识更新得很快，但只要我们持续投入时间，保持开放的心态，就一定能够跟上时代的步伐。重要的是要找到适合自己的学习方法。-由微信公众号Aruanjian888收集整理.mp3,赵一舟-02.mp3,renamed
赵然-大家好，今天我想和大家分享一下职场发展的心得。成功不仅需要专业能力，更需要良好的沟通技巧。要学会倾听他人的想法，表达自己的观点，在团队中建立良好的协作关系。这样才能实现共同进步。-由微信公众号Aruanjian888收集整理.mp3,赵然.mp3,renamed
赵然-大家好，今天我想和大家分享一下关于职业发展的心得。在当今快速变化的社会中，持续学习和自我提升变得尤为重要。找到自己的兴趣点，制定清晰的目标，然后脚踏实地地去实现它。-由微信公众号Aruanjian888收集整理.mp3,赵然-02.mp3,renamed
迷罗-大家好呀，今天跟你们分享一个超实用的生活小技巧。每天早上起床后喝一杯温水，不仅能帮助身体排毒，还能让皮肤变得更好。我已经坚持三个月了，效果真的很棒，你们要不要也试试看？-由微信公众号Aruanjian888收集整理.mp3,迷罗.mp3,renamed
迷罗-大家好呀，今天跟你们分享一个超实用的生活小技巧。最近发现一个整理房间的新方法，不仅效率高，还能让空间看起来特别舒服。感兴趣的小伙伴可以关注我，后面会详细给大家讲解。-由微信公众号Aruanjian888收集整理.mp3,迷罗-02.mp3,renamed
陶矜-各位同仁，在当今快速发展的市场环境中，创新思维至关重要。我们要把握机遇，用专业的态度迎接每一个挑战。团队协作是成功的基石，让我们携手共创美好未来。-由微信公众号Aruanjian888收集整理.mp3,陶矜.mp3,renamed
陶矜-各位同学好，今天我想和大家分享一个重要观点：成功不在于起点的高低，而在于持续学习的态度。只有保持开放的心态，不断突破自己，才能在竞争激烈的职场中站稳脚跟。-由微信公众号Aruanjian888收集整理.mp3,陶矜-02.mp3,renamed
陶矜-大家好，今天跟大家分享一个职场发展的小技巧。保持终身学习的心态很重要，但更关键的是找到适合自己的学习方法。建议大家每天抽出半小时，专注于一个领域的知识积累，循序渐进才能见效。-由微信公众号Aruanjian888收集整理.mp3,陶矜-03.mp3,renamed
陶矜-各位同仁，今天我想和大家分享一个重要观点：专业成长需要持续学习和实践。在当今快速发展的环境中，我们要善于把握机会，不断提升自己的核心竞争力。只有这样，才能在职业道路上走得更远。-由微信公众号Aruanjian888收集整理.mp3,陶矜-04.mp3,renamed
雷军-大家好！今天给大家带来一款重磅产品，性能提升了80%，但是价格只要友商的一半。这不仅仅是一个产品，更是一个精品。让我问问大家，这个价格，你们觉得怎么样？are you OK？-由微信公众号Aruanjian888收集整理.mp3,雷军.mp3,renamed
雷军-大家好！今天给大家带来一款重磅产品，性能非常强大，价格却很厚道。我们在研发上投入了大量资源，就是为了给用户带来最好的体验。这不仅是一款产品，更是一个精品，太棒了！-由微信公众号Aruanjian888收集整理.mp3,雷军-02.mp3,renamed
雷军-各位同学们好！今天给大家带来一款重磅产品，性能强大，价格厚道，而且颜值非常高。这不仅仅是一款手机，更是一件艺术品。它好不好？当然好！这就是我们追求极致性价比的结果。-由微信公众号Aruanjian888收集整理.mp3,雷军-03.mp3,renamed
